<?xml version="1.0" encoding="utf-8" ?>

<Patch>
	<Operation Class="PatchOperationSequence">
		<success>Always</success>
		<operations>
			<li Class="ModCheck.isModLoaded">
				<modName>Combat Extended</modName>
				<yourMod>[1.0] RPG Style Inventory</yourMod>
			</li>

			<li Class="PatchOperationReplace">
				<success>Always</success>
				<xpath>Defs/ThingDef[thingClass="Pawn"]/inspectorTabs/li[.="CombatExtended.ITab_Inventory"]</xpath>
				<value>
						<li>Sandy_Detailed_RPG_Inventory.Sandy_Detailed_RPG_GearTab</li>
				</value>
			</li>
		</operations>
	</Operation>
</Patch>